SPU,标题,价格,颜色,主图地址,款式,尺寸,描述,一级分类,二级分类,产品分类
B08FFHBVTJ,"UBUJI Kids Blue Light Blocking Glasses, Computer Gaming TV Glasses for Boys Girls Age 3-12, Blue Light Blocker Glasses Anti Glare & Eyestrain - Purple"," 9.99","Green","https://m.media-amazon.com/images/I/61hVm08VjdL._AC_SL1500_.jpg","","","","","",""
B08FFH7KGH,"UBUJI Kids Blue Light Blocking Glasses, Computer Gaming TV Glasses for Boys Girls Age 3-12, Blue Light Blocker Glasses Anti Glare & Eyestrain - Purple"," 9.99","Blue","https://m.media-amazon.com/images/I/61tTSelfHSL._AC_SL1500_.jpg","","","","","",""
B08FFJV23Q,"UBUJI Kids Blue Light Blocking Glasses, Computer Gaming TV Glasses for Boys Girls Age 3-12, Blue Light Blocker Glasses Anti Glare & Eyestrain - Purple"," 9.99","Black/Blue","https://m.media-amazon.com/images/I/61TUIzYTNML._AC_SL1500_.jpg","","","","","",""
B08FFK5K1W,"UBUJI Kids Blue Light Blocking Glasses, Computer Gaming TV Glasses for Boys Girls Age 3-12, Blue Light Blocker Glasses Anti Glare & Eyestrain - Purple"," 9.99","Black/Green","https://m.media-amazon.com/images/I/61Hzs9rocwL._AC_SL1500_.jpg","","","","","",""
B08FFKH1MW,"UBUJI Kids Blue Light Blocking Glasses, Computer Gaming TV Glasses for Boys Girls Age 3-12, Blue Light Blocker Glasses Anti Glare & Eyestrain - Purple"," 9.99","Pink","https://m.media-amazon.com/images/I/61GEIeC0asL._AC_SL1500_.jpg","","","","","",""
B08FFJVB2M,"UBUJI Kids Blue Light Blocking Glasses, Computer Gaming TV Glasses for Boys Girls Age 3-12, Blue Light Blocker Glasses Anti Glare & Eyestrain - Purple"," 9.99","Purple","https://m.media-amazon.com/images/I/61dJUobnjJL._AC_SL1500_.jpg","","","","","",""
B08ZSS1VMX,"LED Grow Light for Indoor Plants With Stand, UBUJI 40W Auto ON/Off Goose-neck Full Spectrum Grow Lamp 4/8/12H Timer & 3 Modes, Plants Grow Lights For Seed Starting And Succulents Potted Growth - Black"," 34.99","unknown","https://images-na.ssl-images-amazon.com/images/I/81srHabcElL._AC_SL1500_.jpg","","","","","",""
B08H58SYWF,"UBUJI Kids Blue Light Blocking Glasses, Computer Gaming TV Glasses for Kids Boys Girls Age 5-12, Fake Glasses Anti Blue-Light Protective Eyewear for Children - Light Blue"," 9.99","Green","https://m.media-amazon.com/images/I/71-dcDJkC-L._AC_SL1500_.jpg","","","","","",""
B08HRH6P4T,"UBUJI Kids Blue Light Blocking Glasses, Computer Gaming TV Glasses for Kids Boys Girls Age 5-12, Fake Glasses Anti Blue-Light Protective Eyewear for Children - Light Blue"," 9.99","Black","https://m.media-amazon.com/images/I/718tjd7Vb0L._AC_SL1500_.jpg","","","","","",""
B08FDQZBMW,"UBUJI Kids Blue Light Blocking Glasses, Computer Gaming TV Glasses for Kids Boys Girls Age 5-12, Fake Glasses Anti Blue-Light Protective Eyewear for Children - Light Blue"," 9.99","Red","https://m.media-amazon.com/images/I/71JFQINiwDL._AC_SL1500_.jpg","","","","","",""
B08FDPGKPS,"UBUJI Kids Blue Light Blocking Glasses, Computer Gaming TV Glasses for Kids Boys Girls Age 5-12, Fake Glasses Anti Blue-Light Protective Eyewear for Children - Light Blue"," 9.99","Black 1","https://m.media-amazon.com/images/I/71nHiehTkyL._AC_SL1500_.jpg","","","","","",""
B08H58ZQM1,"UBUJI Kids Blue Light Blocking Glasses, Computer Gaming TV Glasses for Kids Boys Girls Age 5-12, Fake Glasses Anti Blue-Light Protective Eyewear for Children - Light Blue"," 9.99","Black 2","https://m.media-amazon.com/images/I/71uAZkNqXCL._AC_SL1500_.jpg","","","","","",""
B08FDQPBWT,"UBUJI Kids Blue Light Blocking Glasses, Computer Gaming TV Glasses for Kids Boys Girls Age 5-12, Fake Glasses Anti Blue-Light Protective Eyewear for Children - Light Blue"," 9.99","Black/Blue","https://m.media-amazon.com/images/I/71VJmra2tNL._AC_SL1500_.jpg","","","","","",""
B08HRHMXC4,"UBUJI Kids Blue Light Blocking Glasses, Computer Gaming TV Glasses for Kids Boys Girls Age 5-12, Fake Glasses Anti Blue-Light Protective Eyewear for Children - Light Blue"," 9.99","Brown","https://m.media-amazon.com/images/I/71piNCFLDEL._AC_SL1500_.jpg","","","","","",""
B08H599TKX,"UBUJI Kids Blue Light Blocking Glasses, Computer Gaming TV Glasses for Kids Boys Girls Age 5-12, Fake Glasses Anti Blue-Light Protective Eyewear for Children - Light Blue"," 9.99","Brown 1","https://m.media-amazon.com/images/I/71asTH4wGAL._AC_SL1500_.jpg","","","","","",""
B08FDP469K,"UBUJI Kids Blue Light Blocking Glasses, Computer Gaming TV Glasses for Kids Boys Girls Age 5-12, Fake Glasses Anti Blue-Light Protective Eyewear for Children - Light Blue"," 9.99","Deep blue","https://m.media-amazon.com/images/I/71miYKZuOYL._AC_SL1500_.jpg","","","","","",""
B08HRGBQTK,"UBUJI Kids Blue Light Blocking Glasses, Computer Gaming TV Glasses for Kids Boys Girls Age 5-12, Fake Glasses Anti Blue-Light Protective Eyewear for Children - Light Blue"," 9.99","Light Blue","https://m.media-amazon.com/images/I/71-Gnsu41RL._AC_SL1500_.jpg","","","","","",""
B08HRGM8K9,"UBUJI Kids Blue Light Blocking Glasses, Computer Gaming TV Glasses for Kids Boys Girls Age 5-12, Fake Glasses Anti Blue-Light Protective Eyewear for Children - Light Blue"," 9.99","Light Green 1","https://m.media-amazon.com/images/I/71tZrtgqa9L._AC_SL1500_.jpg","","","","","",""
B08HRH842H,"UBUJI Kids Blue Light Blocking Glasses, Computer Gaming TV Glasses for Kids Boys Girls Age 5-12, Fake Glasses Anti Blue-Light Protective Eyewear for Children - Light Blue"," 9.99","Light Purple","https://m.media-amazon.com/images/I/7117lqcE2OL._AC_SL1500_.jpg","","","","","",""
B08FFGLB1Q,"UBUJI Kids Blue Light Blocking Glasses, Computer Gaming TV Glasses for Kids Boys Girls Age 5-12, Fake Glasses Anti Blue-Light Protective Eyewear for Children - Light Blue"," 9.99","Light blue","https://m.media-amazon.com/images/I/61MeSL88PLL._AC_SL1500_.jpg","","","","","",""
B08H58Z5S9,"UBUJI Kids Blue Light Blocking Glasses, Computer Gaming TV Glasses for Kids Boys Girls Age 5-12, Fake Glasses Anti Blue-Light Protective Eyewear for Children - Light Blue"," 9.99","Light blue 1","https://m.media-amazon.com/images/I/71kPmBhOATL._AC_SL1500_.jpg","","","","","",""
B08H5C178L,"UBUJI Kids Blue Light Blocking Glasses, Computer Gaming TV Glasses for Kids Boys Girls Age 5-12, Fake Glasses Anti Blue-Light Protective Eyewear for Children - Light Blue"," 9.99","Light green","https://m.media-amazon.com/images/I/71EQzycZJjL._AC_SL1500_.jpg","","","","","",""
B08FDPMVCZ,"UBUJI Kids Blue Light Blocking Glasses, Computer Gaming TV Glasses for Kids Boys Girls Age 5-12, Fake Glasses Anti Blue-Light Protective Eyewear for Children - Light Blue"," 9.99","Pink","https://m.media-amazon.com/images/I/61+dcJAZxPL._AC_SL1500_.jpg","","","","","",""
B08FDQRC5S,"UBUJI Kids Blue Light Blocking Glasses, Computer Gaming TV Glasses for Kids Boys Girls Age 5-12, Fake Glasses Anti Blue-Light Protective Eyewear for Children - Light Blue"," 9.99","Purple","https://m.media-amazon.com/images/I/610N6NiXDeL._AC_SL1500_.jpg","","","","","",""
B08HRG1TJT,"UBUJI Kids Blue Light Blocking Glasses, Computer Gaming TV Glasses for Kids Boys Girls Age 5-12, Fake Glasses Anti Blue-Light Protective Eyewear for Children - Light Blue"," 9.99","Purple Red","https://m.media-amazon.com/images/I/71AzwEMIz-L._AC_SL1500_.jpg","","","","","",""
B08H5DC8P9,"UBUJI Kids Blue Light Blocking Glasses, Computer Gaming TV Glasses for Kids Boys Girls Age 5-12, Fake Glasses Anti Blue-Light Protective Eyewear for Children - Light Blue"," 9.99","Purplish red","https://m.media-amazon.com/images/I/71LfZAlGutL._AC_SL1500_.jpg","","","","","",""
